epoch,step,train_loss,val_loss
0,49,0.21007005870342255,
0,68,,0.21559028327465057
1,99,0.19502906501293182,
1,137,,0.14366206526756287
