epoch,step,train_loss,val_loss
0,49,0.1581021249294281,
0,68,,0.08832651376724243
1,99,0.11652682721614838,
1,137,,0.07859628647565842
